id,first_name,last_name,age,type
1,Derward,Cockin,41,3
2,Dennis, Ritchie,70,4
3,Linus, Torvalds,47,4
4,Jaquenetta,McSpirron,44,0
5,Ken, Thompson,74,4
6,Izabel,Sherreard,65,3
7,Bjarne, Stroustrup,66,4
8,Eve,Brun,61,0
9,Letta,Boissieux,21,3
10,Audie,Deabill,18,0
11,Brian, Kernighan,75,4
12,Tera,Symmers,23,1
13,James, Gosling,61,4
14,Holmes,Manes,55,3
15,Marcelline,Stainson,22,3
16,Imogen,Dooly,47,2
17,Richard, Stallman,64,4
18,Claire,Snel,27,2
19,Guido, van Rossum,59,4
20,Roxane,Abbett,60,2
21,Thia,Strewthers,22,3
22,Deanna,Deluca,64,2
23,Grace, Hopper,86,4
24,Dayna,Silliman,18,3
25,Ximenes,Goodger,21,0
26,Lincoln,McQuorkel,24,2
27,Marchall,Berceros,62,2
28,Stephan,Chubb,42,1
29,Brendan, Eich,54,4
30,Helen-elizabeth,Mayhew,45,1
31,Toru, Iwatani,62,4
32,Carroll,Wragg,22,2
33,Alvan,Mattiessen,35,0
34,Vivienne,Marcussen,28,0
35,Town,Muschette,45,2
36,Thurstan,O'Fallon,65,2
37,Phil, Zimmermann,63,4
38,Corty,Goede,64,3
39,Renato,Murphey,50,3
40,Osbourn,Croley,60,3
41,Leland,Matthesius,18,2
42,Lorine,Henfre,18,3
43,Annabela,Georgeot,29,0
44,Judas,Antley,23,0
45,Dulciana,Banyard,54,2
46,Leonhard,Glazier,43,2
47,Ilysa,Bison,59,0
48,Geno,Bootell,29,3
49,Leoline,Brabender,23,1
50,Leticia,Stoacley,47,0
51,Elihu,Fardy,28,1
52,Vale,Leet,64,0
53,Hewie,Lebang,44,0
54,Piggy,Whittlesee,28,2
55,Brody,Alekhov,30,0
56,Amery,Mawby,37,2
57,Jabez,Tallowin,55,1
58,Yard,Kislingbury,41,1
59,Mozelle,Cudihy,44,3
60,Stanford,Gye,26,1
61,Georg,Drews,47,3
62,Uriel,Alfonsini,31,1
63,Engracia,Duguid,24,1
64,Grover,Godrich,20,1
65,Hollis,Jaspar,26,1
66,Wilburt,Gallanders,50,0
67,Bil,Baccup,64,2
68,Flori,Kislingbury,47,2
69,Alan,Jewell,41,3
70,Cherrita,Saffran,20,3
71,Janetta,Edington,22,1
72,Cris,Caselli,19,3
73,Lionello,Dellenbrook,29,3
74,Forester,Sarginson,25,3
75,Cori,Bolan,26,3
76,Tiena,d'Escoffier,34,3
77,Zsa zsa,Donisthorpe,53,1
78,Drusilla,Davydoch,47,2
79,Vinnie,Hercules,32,1
80,Terrel,O'Harney,27,2
81,Akim,MacKellen,18,3
82,Nell,Lemar,25,2
83,Bert,Duer,60,2
84,Malcolm,Haking,23,3
85,Ailbert,Gibbs,45,3
86,Marius,Dutt,28,0
87,Perry,Fintoph,41,3
88,Alexi,Usher,40,2
89,Roseanna,Edelheit,58,2
90,Rickard,Fulleylove,41,0
91,Hattie,Frangleton,36,3
92,Gennie,Le Prevost,56,1
93,Mireille,Bissett,18,1
94,Mikol,Crayton,55,1
95,Judy,Asey,34,3
96,Brien,Sheer,26,1
97,Andrej,Bole,19,3
98,Renee,Petroff,43,2
99,Kory,Woolland,22,1
100,Nani,Delgado,22,1
101,Jenifer,Pain,64,3
102,Win,Sanson,27,3
103,Lanny,Gaveltone,32,1
104,Nicolina,Plowell,48,0
105,Terrill,Harrie,56,0
106,Nollie,Dohr,35,1
107,Tiphany,Jilkes,37,1
108,Merrie,Vannacci,58,0
109,Courtney,Cassley,47,2
110,Isabel,Job,34,0
111,Karl,Dyment,19,2
112,Feliza,Zebedee,26,0
113,Shepard,Curro,54,1
114,Honey,Balchen,65,0
115,Levy,Prazor,46,1
116,Angelia,Keniwell,18,3
117,Massimiliano,Bagge,27,3
118,Rodolph,Skiplorne,25,2
119,Esmaria,Folds,43,0
120,Brew,MacLaren,22,3
121,Barnaby,Sindle,64,1
122,Janna,Drivers,28,2
123,Ruprecht,Gillatt,34,3
124,Codie,Philbin,48,3
125,Nichol,Lauderdale,22,1
126,Eal,Clinnick,32,3
127,Rebeka,Houlden,18,3
128,Cherise,Ovey,45,0
129,Remington,Rizzello,39,1
130,Shell,MacPaike,26,2
131,Pet,Allibon,58,1
132,Cully,Stranieri,28,2
133,Haywood,Levene,59,1
134,Lilli,Silcox,55,3
135,Elinor,Dealy,47,0
136,Rafferty,Bouda,38,3
137,Ynez,Terney,65,0
138,Conny,Planke,39,2
139,Rafe,Dobbison,56,2
140,Nedda,Tysack,21,2
141,Kristian,Hawkwood,20,0
142,Cullen,Houtbie,56,1
143,Nollie,Sara,47,3
144,Wolfy,Rebbeck,41,1
145,Rory,Jori,32,0
146,Cross,Cases,57,1
147,Maison,Pickworth,34,0
148,Hewe,Morcomb,20,3
149,Burch,Prestedge,39,1
150,Nicholas,Posner,47,3
151,Rube,Karlowicz,60,2
152,Bette-ann,Gudahy,47,2
153,Fania,La Wille,49,2
154,Pall,Charman,43,2
155,Eden,Watkins,27,3
156,Robina,Fenich,51,1
157,Cordey,Westhoff,41,0
158,Norby,Cockran,36,3
159,Willy,Humm,50,3
160,Tobias,Tuminelli,30,3
161,Tracy,Temporal,61,2
162,Jeanette,Simants,51,1
163,Michelle,Dyde,33,1
164,Roxanna,Niesegen,41,1
165,Bjorn,Randleson,59,0
166,Ede,Gillis,33,2
167,Anton,Waber,61,3
168,Josias,Trammel,62,0
169,Cristal,Lademann,25,0
170,Lief,Stockall,65,0
171,Rorke,Yeude,44,1
172,Bondon,Baline,26,0
173,Jessika,Rattenbury,43,3
174,Alanson,Spinige,55,3
175,Florida,Rickarsey,51,2
176,Pearce,Lyon,20,3
177,Demetris,Darnody,56,1
178,Fleming,Hiscoke,19,2
179,Joellyn,Carmichael,36,2
180,Zebedee,Southam,35,3
181,Drugi,Collabine,28,2
182,Saunder,Cuerda,40,3
183,Eolanda,Albion,26,0
184,Dacia,Gabriel,18,0
185,Shermy,Baudrey,26,1
186,Gertie,Knok,53,1
187,Wallis,Patrono,39,3
188,Forrest,Ovize,53,3
189,Corty,Abrahams,44,3
190,Kaleb,Keightley,19,1
191,Letizia,Madison,53,0
192,Hanson,Bidmead,59,3
193,Bendick,Fullilove,35,3
194,Anitra,Dow,41,3
195,Luce,Beaven,65,2
196,Britta,Bevens,48,3
197,Elihu,Undrill,53,1
198,Jakob,MacLeod,38,0
199,Nerty,Lerner,37,0
200,Morganica,Conti,30,2
201,Jocelyne,Spearing,53,2
202,Ardene,Cullotey,30,0
203,Riordan,Nannizzi,29,0
204,Doro,Yaus,58,3
205,Fanechka,Breem,29,3
206,Krissy,Cheyenne,53,2
207,Junina,Cullen,27,3
208,Leonhard,Pappin,21,0
209,Sashenka,Rapin,28,2
210,Steven,Kift,28,1
211,Glenn,Swiffen,34,3
212,Leigh,Whiskerd,53,0
213,Charis,Clemas,24,1
214,Ephrayim,Hulks,43,3
215,Rey,Zecchini,20,0
216,Tallie,Bickerdicke,38,1
217,Fredrick,Hutchens,40,2
218,Bronnie,Beck,36,1
219,Thomasine,Brockton,38,2
220,Alex,Kitteman,34,3
221,Allys,Guarnier,27,1
222,Chandler,Libbis,32,1
223,Elora,Rollin,62,1
224,Emlyn,Corsar,62,0
225,Maren,Chittim,55,1
226,Clayson,Brooksby,57,2
227,Sigismond,Hedges,59,0
228,Cammie,Mountain,29,1
229,Wang,Orange,34,2
230,Nola,Kohter,19,1
231,Haven,Abarough,59,3
232,Corty,Darlasson,32,2
233,Lyn,Vaune,53,1
234,Louisa,Cantrill,18,2
235,Goldarina,Kneeshaw,31,0
236,Brew,Simioli,26,3
237,Hurleigh,Yakubov,18,1
238,Celestina,Dumbar,43,1
239,Lise,Algate,60,0
240,Molly,Dearnly,42,1
241,Kassandra,McCarney,33,1
242,Betteanne,Vasilyonok,31,0
243,Ninette,Bartle,51,3
244,Devonne,Peacher,24,1
245,Gordy,Fain,32,2
246,Moises,Denison,42,3
247,Ruddy,De Brett,53,2
248,Charlean,Burtt,18,2
249,Sid,Weymont,32,2
250,Alika,Sabey,33,0
251,Maighdiln,Musprat,36,3
252,Charlie,Beall,41,0
253,Godard,Beane,44,2
254,Aggy,Hanmer,48,0
255,Dav,Haigh,53,1
256,Gene,Nice,23,1
257,Tierney,Vanderson,47,0
258,Jamima,Duthy,58,3
259,Tait,Ibbitson,30,1
260,Lanette,Hatherleigh,32,1
261,Selina,Poller,63,0
262,Zerk,Bingle,53,3
263,Adele,Ilymanov,23,3
264,Bret,Cordeau],36,1
265,Emmalyn,Hauger,57,1
266,Cate,Normanville,63,0
267,Brunhilda,Ivory,59,1
268,Virgilio,Ivanilov,55,3
269,Kahaleel,Morson,58,2
270,Saundra,Pearde,27,1
271,Hyacinthia,Dunguy,46,1
272,Sheba,Earwaker,43,3
273,Hoebart,Creevy,37,0
274,Donielle,Fass,39,2
275,Jessie,Clapp,27,1
276,Zaria,O'Regan,25,3
277,Carny,Gurling,19,0
278,Edgar,Bowcock,38,3
279,Rickert,McRill,56,3
280,Rebekah,McPhelimy,51,2
281,Glen,Frondt,65,1
282,Devon,Ebourne,64,1
283,Faustine,Tedorenko,50,3
284,Rudolf,Comino,28,1
285,Almeta,Cornock,63,2
286,Budd,Leyson,36,3
287,Charleen,Pumphreys,27,3
288,Georgianne,Sinson,45,3
289,Udell,Lowater,58,0
290,Sandy,Zecchinii,61,2
291,Donaugh,Marven,21,0
292,Umeko,Tiley,48,2
293,Bryana,Fantin,46,1
294,Gothart,Digman,35,0
295,Thoma,Wem,18,2
296,Kittie,Coniff,40,3
297,Jillana,Rowbrey,45,2
298,Onfroi,Metzig,24,1
299,Harmony,Scarce,53,2
300,Karl,Matteris,52,2
301,Kathryn,Ellcome,23,3
302,Gnni,Cass,39,2
303,Brittni,Kiefer,30,0
304,Elmo,Prosh,42,3
305,Krishnah,Wrintmore,20,1
306,Janela,MacCaughey,65,0
307,Cam,Bakes,32,3
308,Donnajean,Sowley,25,1
309,Auroora,Ciccottio,60,0
310,Codee,Vondrys,24,3
311,Toddie,Backs,46,2
312,Karlene,Chaffin,44,3
313,Shannah,Bordessa,34,2
314,Gerrard,Sanzio,57,2
315,Dena,Dibb,42,0
316,Vilma,Juden,38,3
317,Camellia,Divall,48,1
318,Emmi,Dadds,28,2
319,Car,Sahnow,59,1
320,Alastair,Lints,52,3
321,Dorolisa,Passie,44,3
322,Denna,Fucher,54,2
323,Langston,Cabrer,30,3
324,Amandi,Huby,29,2
325,Dell,Prudham,18,2
326,Tanner,Keppie,65,1
327,Tabb,Gadson,57,3
328,Natty,Gloyens,28,2
329,Leelah,Mesant,32,1
330,Roxana,Wyldish,56,1
331,Dotty,Braybrooks,48,3
332,Alexandros,Worts,44,2
333,Trstram,Calafate,47,0
334,Esme,Humbee,62,3
335,Armin,Burchill,63,3
336,Leroi,Jeannard,20,1
337,Elise,Squier,39,2
338,Nowell,Sweeting,29,0
339,Lester,Lethardy,41,2
340,Roseanna,Crocetti,37,1
341,Benedick,Jarrell,59,1
342,Elsy,Evanson,29,1
343,Tremain,Ceney,52,1
344,Cort,Schnieder,58,2
345,Lorrie,Mancer,18,2
346,Temple,Gillford,56,1
347,Evy,Guarnier,62,3
348,Cristina,Norwich,22,0
349,Emmie,Pratley,49,2
350,Emmeline,Itzakson,36,0
351,Kippy,Arundel,31,3
352,Wilone,Ochterlonie,18,1
353,Aubrey,McBay,31,0
354,Gris,Quick,38,1
355,Kayley,Bell,26,2
356,Neda,Casserley,42,1
357,Dyann,Noirel,58,2
358,Evelina,Paling,37,1
359,Maxim,Sutherby,39,2
360,Tybalt,Morling,52,0
361,Bernette,Ezele,47,0
362,Sayre,Learmont,56,0
363,Cloris,Greated,42,1
364,Chancey,Slyme,63,3
365,Hazlett,Lafuente,20,1
366,Robyn,Thorley,22,2
367,Rosaline,Haddington,31,2
368,Querida,Niessen,50,2
369,Salmon,Branwhite,34,0
370,Em,Brizland,46,0
371,Reed,Zavattiero,52,1
372,Denice,Hosier,34,0
373,Bobbye,Porch,65,0
374,Catherin,Kleinstub,43,3
375,Marybelle,Villa,61,3
376,Emmy,Diggens,41,1
377,Kissie,Ryder,54,1
378,Sula,Hrachovec,30,1
379,Boniface,Catcherside,65,1
380,Cammy,Ralestone,23,1
381,Abramo,Pavolini,32,3
382,Bord,Oke,60,2
383,Doretta,Karel,56,0
384,Margareta,Trounson,52,1
385,Fredelia,Laborde,38,0
386,Hank,Reedyhough,28,1
387,Tamera,Whitwood,37,1
388,Obed,Lidington,51,2
389,Brittne,Vaneschi,33,3
390,Alisha,Mundee,31,0
391,Lark,Enric,41,3
392,Gamaliel,Eagan,19,0
393,Layla,Buse,19,1
394,Karolina,McGeachy,35,2
395,Ardenia,Gini,62,1
396,Gannon,Spenceley,54,2
397,Inger,Ratnage,38,1
398,Wiley,McAw,53,0
399,Rocky,Trewinnard,41,1
400,Tonnie,Stadding,44,2
401,Lilly,Treble,27,1
402,Jerrie,Darke,46,3
403,Griffin,Fellows,33,2
404,Allard,Beetham,28,3
405,Hayyim,Feldbaum,50,0
406,Rolph,Woolfenden,24,0
407,Lorry,Dewett,19,0
408,Asia,Yeoman,21,3
409,Abe,Gregoratti,28,2
410,Sarah,Clinning,24,2
411,Maximilien,Dakers,22,2
412,Lucita,Lidstone,24,1
413,Antonino,Flott,44,3
414,Wendell,Quinn,38,3
415,Theodore,Hanner,38,0
416,Bernetta,Duprey,55,0
417,Valina,Speachley,37,3
418,Cass,Kliner,30,1
419,Antonietta,Hallawell,43,1
420,Agatha,Rapier,41,0
421,Lenette,Eatock,51,2
422,Gwenette,Drane,26,1
423,Mellisent,Basek,54,2
424,Rhetta,Philipeau,25,2
425,Larina,Baldinotti,57,2
426,Shannon,Wilkie,54,0
427,Philis,Bundy,21,3
428,Isak,Leveret,44,2
429,Wiatt,Dikles,26,1
430,Augusta,Cordingley,45,1
431,Thomasin,Windley,27,2
432,Jenda,Vairow,21,1
433,Micky,Rivitt,25,0
434,Horst,Kubala,59,3
435,Gerri,Catterell,59,2
436,Christel,Goldney,43,1
437,Audi,Balfre,33,1
438,Lester,Livens,19,1
439,Mirilla,Scholfield,49,0
440,Giustina,Kertess,63,2
441,Myles,Hesser,35,0
442,Parrnell,Gulliford,45,0
443,Lauree,Norris,38,3
444,Johannes,Pawlata,57,0
445,Gina,Huzzay,41,2
446,Tova,Shovelin,47,2
447,Holden,Selburn,31,1
448,Faustine,Learmond,39,3
449,Leena,Morley,30,0
450,Patricio,Coltan,31,2
451,Curtice,Beinisch,40,0
452,Horacio,De la Zenne,53,0
453,Banky,Condliffe,47,1
454,Gilly,Oliveira,18,3
455,Emmye,Dudley,21,3
456,Ailyn,Allchin,25,0
457,Ariel,Giraudoux,62,3
458,Kendal,Guilleton,19,0
459,Alexine,Elmes,59,3
460,Leanna,Burnapp,19,2
461,Andy,Kiebes,45,3
462,Ola,Carbry,56,2
463,Sarina,De Andisie,50,1
464,Aeriel,Bandiera,32,2
465,Zorana,Pablos,33,1
466,Roby,Clow,53,0
467,Lenna,Sawney,62,1
468,Jess,Choake,37,0
469,Allyn,Stayte,25,1
470,Sapphira,Gregson,20,2
471,Artair,Heugel,18,3
472,Abbi,Jacqueminet,18,2
473,Jeannie,Lonnon,27,1
474,Trey,Sultan,62,2
475,Gradey,Palfreman,42,2
476,Terrence,Anders,55,0
477,Stevana,Jennery,22,0
478,Inez,MacRitchie,64,1
479,Kellina,Kirkwood,25,2
480,Fayre,Pownall,19,0
481,Raf,Aldwick,42,2
482,Fergus,Farrah,19,3
483,Joye,Di Baudi,61,2
484,Tracey,Reames,62,3
485,Frazer,Coulling,28,0
486,Miles,Goly,30,0
487,Agosto,Mathiasen,43,1
488,Trevor,D'Agostini,61,0
489,Vladimir,Bever,44,1
490,Maurise,Keoghane,35,3
491,Wilton,Lindenblatt,58,0
492,Alberto,Mougin,24,3
493,Minne,Gritton,24,0
494,Mei,Birkwood,65,0
495,Damien,Borge,40,0
496,Rabi,Aspel,19,0
497,Ardyce,Buffey,38,3
498,Nevin,Gimblett,25,1
499,Broddy,Josh,26,3
500,Ronni,Shelsher,56,1
501,Herbert,Bellord,36,3
502,Janella,Vickerstaff,38,3
503,Shelagh,Cherry Holme,42,3
504,Emmaline,McKinnon,61,0
505,Lindy,Shadfourth,41,1
506,Melesa,Koppke,43,2
507,Jazmin,Probet,30,2
508,Raquela,Fryman,65,2
509,Aloysius,Alexandersson,29,2
510,Johannes,Alwell,45,0
511,Kristopher,Fairy,51,2
512,Raven,Gateshill,50,3
513,Ralph,Veneur,33,2
514,Faustine,Erskine,55,1
515,Adina,Deme,37,0
516,Ardenia,Lardnar,29,2
517,Margarete,Renehan,46,0
518,Caspar,Grubey,38,3
519,Jeremy,Scarborough,33,0
520,Kelsey,Frere,20,0
521,Colline,Daley,31,1
522,Shanan,Croote,41,1
523,Laurena,Barrim,59,0
524,Arny,Burtonwood,18,2
525,Demott,Gandrich,65,3
526,Joshia,Delnevo,51,1
527,Rosalind,Ewbanche,34,3
528,Giacobo,Tolman,21,2
529,Gene,Fields,36,2
530,Brok,Daubney,38,0
531,Stormy,Laity,47,3
532,Jackelyn,Megahey,19,3
533,Moe,Nowaczyk,23,1
534,Abbot,Dreakin,62,2
535,Rois,Viveash,31,3
536,Park,Beebis,20,2
537,Olivier,Couch,55,0
538,Lenora,Creffeild,56,1
539,Read,McWilliam,54,2
540,Rodrick,Casillis,48,0
541,Lonnard,Quickfall,19,1
542,Micheline,Warhurst,50,0
543,Althea,Halbeard,42,2
544,Drucie,Tripony,19,0
545,Gerry,Agg,57,3
546,Biddie,Klesel,54,2
547,Melania,Heinzler,56,0
548,Beniamino,Dedmam,62,1
549,Vince,Pentland,29,1
550,Marcela,Sands,64,1
551,Bronny,McCole,64,2
552,Maureene,Tregale,57,2
553,Noelani,Anmore,40,1
554,Franny,Bodesson,57,0
555,Brianne,Fritter,44,0
556,Nester,Scottesmoor,53,2
557,Sherlocke,Normansell,46,1
558,Fionna,Oleksiak,44,1
559,Ronica,Brockwell,54,0
560,Cyndie,Copo,52,3
561,Darcy,Bacup,35,2
562,Octavia,Shilton,20,1
563,Gertie,Jiras,65,3
564,Marice,Betton,45,0
565,Jolene,Stucke,37,1
566,Yurik,Raft,32,3
567,Rollin,McGillacoell,42,2
568,Thorndike,Burn,19,1
569,Carce,Kondrat,20,1
570,Karia,Iannini,30,0
571,Flori,Fortman,44,3
572,Freemon,Whittek,28,1
573,Con,Hustler,56,1
574,Midge,McCaig,33,2
575,Haze,Zambon,62,2
576,Rennie,Hackley,58,3
577,Rhetta,Klimschak,57,1
578,Biron,Gresswell,24,1
579,Raul,Bowdler,39,1
580,Corny,Beddingham,45,3
581,Crosby,Tidmarsh,55,0
582,Modesty,Thynne,47,2
583,Moe,Skirving,30,2
584,Standford,Robken,62,2
585,Even,Danzelman,25,0
586,Phillis,Molden,55,3
587,Marketa,Barette,27,3
588,Aryn,Wastell,43,3
589,Dieter,Sporrij,25,2
590,Tildy,Healey,30,3
591,Carma,Apfler,37,1
592,Scotty,Rawsthorne,26,2
593,Wallis,Stonhard,28,2
594,Ingram,Storer,32,2
595,Nicol,Coppin,49,3
596,Ronni,Rizzi,19,3
597,Ludovico,Tranter,63,2
598,Darelle,Bottelstone,58,2
599,Moss,Eykelbosch,45,1
600,Aridatha,Sainte Paul,57,3
601,Cliff,Charlson,26,3
602,Christiano,Usmar,47,2
603,Quint,Wallbanks,43,1
604,Wright,Ridel,44,3
605,Moll,Todaro,33,3
606,Zacharia,Maylott,51,0
607,Ursulina,Ramlot,36,0
608,Gordon,Cool,58,3
609,Vito,Selman,43,0
610,Reagen,Bertouloume,39,1
611,Dorolisa,Rosindill,35,3
612,Hubey,Kanzler,27,2
613,Conni,Prahm,53,3
614,Demetrius,Michelin,41,3
615,Amalea,Klimecki,46,2
616,Emlynn,Cutill,54,1
617,Bil,Bloys,48,0
618,Reed,Lumsdale,22,2
619,Damaris,Pile,48,0
620,Barbra,Rodden,20,1
621,Verge,Ellse,41,1
622,Bonnee,Salter,27,2
623,Bentlee,Brownsey,28,0
624,Eryn,Castiglione,33,0
625,Ginger,Vassar,43,0
626,Chicky,Melross,43,3
627,Kirsti,Nardrup,24,3
628,Itch,Blankett,18,2
629,Dominick,Bartol,43,1
630,Annecorinne,Ashleigh,43,2
631,Kevina,Ovesen,48,0
632,Ossie,Sawyer,51,1
633,Peggy,Perrin,20,3
634,Reilly,Silvermann,24,1
635,Desiri,Swedeland,19,2
636,Gabie,Gouldthorp,62,1
637,Marillin,Phillins,51,0
638,Malchy,Tellenbrook,45,1
639,Rona,Chippendale,54,0
640,Brod,Schnitter,41,2
641,Beck,Ledbury,23,1
642,Harman,Diemer,61,1
643,Katharine,McGibbon,56,0
644,Boyd,Riepl,36,1
645,Josie,Challenor,22,2
646,Oralia,Custance,63,0
647,Imogen,Schimpke,21,0
648,Drugi,Hanstock,63,3
649,Carmella,Gebuhr,27,0
650,Angelico,MacSharry,26,1
651,Roddie,Birkbeck,44,1
652,Martita,Lerwell,27,1
653,Xylina,Poynton,38,3
654,Bonny,Fayer,64,0
655,Yanaton,Geldard,53,3
656,Larine,Talks,43,2
657,Maudie,Farries,48,2
658,Vanni,Skillanders,42,0
659,Orlando,Dyson,47,1
660,Madalena,Dwelley,51,0
661,Clementine,Salkeld,23,2
662,Madlen,Carrel,23,2
663,Ranna,Vennart,61,2
664,Blake,Ram,63,0
665,Killie,Hammon,19,0
666,Neils,L'Episcopio,39,2
667,Ashbey,Reast,56,2
668,Nicholle,Barwack,27,3
669,Elva,Clail,23,0
670,Arden,Sobczak,54,0
671,Karena,Rubel,57,2
672,Gearalt,Paradise,38,3
673,Netta,Tucker,29,3
674,Saudra,Belz,19,2
675,Stepha,Cadore,22,1
676,Kent,Tonsley,37,1
677,Ford,Fennelly,43,1
678,Frasco,Nizet,18,0
679,Fidole,Ambrogini,48,1
680,Zarah,Ghidelli,50,3
681,Jaynell,Crosher,45,1
682,Daryle,Mendez,34,1
683,Llywellyn,Ridulfo,25,2
684,Fanya,Van der Velden,51,1
685,Connor,Millis,55,1
686,Wilden,Scarfe,32,2
687,Clarance,McVitty,27,3
688,Kendricks,De Castri,49,2
689,Trina,Kefford,23,2
690,Lisa,Pagelsen,65,2
691,Nickolas,Binnes,18,0
692,Luciano,Chaise,36,1
693,Humberto,Hundey,65,3
694,Ford,Normansell,52,0
695,Ainsley,Gittens,36,0
696,Annetta,Atherley,55,2
697,Ginger,Giannotti,61,2
698,David,Measor,49,0
699,Melantha,Grimston,25,1
700,Darbie,Fradson,35,0
701,Greer,Thorley,64,0
702,Sib,Baxstar,51,3
703,Leeanne,Disdel,60,3
704,Debi,Thireau,19,3
705,Kermit,Olyet,21,2
706,Carlynn,Lubman,19,0
707,Yehudit,Canedo,18,1
708,Titus,Wrenn,63,2
709,Marrilee,D'Antonio,59,0
710,Corene,McMurraya,46,2
711,Carlita,Winear,55,3
712,Margit,Campbell-Dunlop,22,3
713,Torrey,Slocum,38,1
714,Jae,Chavrin,61,3
715,Noel,Caughan,51,1
716,Mylo,Winckles,56,0
717,Gale,Ziemsen,30,0
718,Gayel,Upex,29,3
719,Nikolaus,Impey,37,1
720,Dreddy,Cockley,21,1
721,Bern,Apple,30,0
722,Nate,Casement,25,2
723,Zita,Noone,41,1
724,Clifford,Orrey,33,3
725,Minnie,Fussey,47,0
726,Saidee,Medford,44,1
727,Kariotta,Gorgler,50,1
728,Tybalt,Bellard,28,3
729,Donna,Treleaven,43,2
730,Cosme,Wilshire,54,2
731,Lesly,Morter,60,1
732,Andeee,Sabati,29,2
733,Aidan,Deehan,63,0
734,Garrek,Doxsey,28,0
735,Maryl,Hew,41,0
736,Alis,Carlsson,40,1
737,Mirelle,Blinkhorn,24,0
738,Normie,Sorrill,50,2
739,Benoite,Darinton,53,0
740,Koralle,Dolling,30,3
741,Noreen,Pughsley,52,3
742,Erika,Whartonby,30,3
743,Colin,Worsfield,25,0
744,Enoch,Aucourte,34,2
745,Tony,Bratley,29,0
746,Minta,Fried,55,2
747,Gunter,Haveline,37,3
748,Nellie,Lindermann,45,3
749,Tobe,Scurr,21,1
750,Xenos,Cassin,45,2
751,Johnnie,Worsnup,61,0
752,Heinrik,Preston,33,1
753,Martie,Gouinlock,29,2
754,Lowell,Coulton,26,0
755,Korney,Pymm,33,1
756,Ellis,Daile,27,3
757,Kitty,Scriviner,53,1
758,Aidan,Thursfield,64,0
759,Wallie,Joerning,49,1
760,Valaree,Tuxill,42,1
761,Bard,Sambles,55,1
762,Bridgette,Janczewski,55,0
763,Katina,Bullcock,62,3
764,Meara,Longford,59,1
765,Kania,Taile,42,0
766,Tomasina,Valois,62,3
767,Thomasine,Flewett,57,0
768,Carlene,Hudleston,44,2
769,Barrie,Coldman,43,1
770,Cherilyn,Bruineman,21,2
771,Bald,Mosten,33,3
772,Callie,Jedraszek,18,0
773,Shelly,Beningfield,41,3
774,Henryetta,De Hoogh,42,0
775,Ronni,Biasio,54,0
776,Chrystal,Glassup,55,2
777,Pascale,Allot,61,1
778,Lindie,Stickens,28,0
779,Sela,Leedal,35,0
780,Michele,Ferenc,38,3
781,Jenny,Manby,25,2
782,Hamish,Morfett,32,1
783,Dulci,Probat,51,0
784,Lulita,Lillico,20,2
785,Luke,Franssen,55,3
786,Roberto,Dellatorre,21,2
787,Harcourt,Jersh,21,2
788,Richardo,Dysert,23,3
789,Marshal,Smeaton,57,0
790,Lelah,Revett,28,1
791,Rad,Raynor,44,1
792,Cassey,Jaimez,63,1
793,Rosana,Cowthard,48,1
794,Janet,Lyst,38,1
795,Billy,Barhems,53,3
796,Cahra,Krabbe,35,3
797,Rita,Belfrage,55,2
798,Dottie,Mabbe,48,1
799,Melodee,Dudman,62,2
800,Victoria,Jamrowicz,60,1
801,Rosy,Chanson,59,0
802,Stafford,Cockaday,50,0
803,Gianina,Patters,46,3
804,Fonz,Inkin,36,0
805,Inger,Gulliver,62,1
806,Farrell,Duthie,28,3
807,Candi,Daughtrey,52,3
808,Pascale,Spinozzi,57,1
809,Garner,Bullimore,33,2
810,Amara,Giacobelli,48,3
811,Kory,O'Hannigan,59,0
812,Trevar,Worland,58,0
813,Candide,Walley,48,2
814,Betteanne,Jerram,38,1
815,Tim,Rowbrey,52,2
816,Branden,Dominicacci,53,2
817,Melly,Eble,52,0
818,Felisha,Willisch,51,1
819,Casar,Tuxill,60,2
820,Leola,Rahlof,29,2
821,Annetta,Jaycock,32,3
822,Mitch,Meah,44,2
823,Rachael,Lardge,56,3
824,Melantha,Sprigings,19,2
825,Carlota,Bantick,58,3
826,Arne,Finlan,41,2
827,Geri,Nellies,37,3
828,Carlene,Dressel,22,2
829,Kincaid,Adger,60,2
830,Shawn,Lattimore,22,2
831,Tony,Pymm,59,1
832,Cirillo,Lardeux,64,2
833,Fernanda,Izkovicz,34,3
834,Mischa,Loges,61,2
835,Brianne,Choppin,55,0
836,Timothy,Brilon,37,2
837,Dudley,Smees,51,0
838,Tove,Ottey,25,2
839,Allianora,Briskey,24,3
840,Jarvis,Blackaller,30,2
841,Adara,Cardozo,52,2
842,Tiler,Gresly,41,1
843,Barr,Springell,38,1
844,Winthrop,Swanwick,42,1
845,Emalia,Redmayne,58,1
846,Debbi,Duffet,50,0
847,Mildred,Badham,60,2
848,Cesare,Grgic,63,3
849,Verene,Trymme,50,1
850,Nisse,Pettendrich,44,3
851,Godwin,Doniso,40,2
852,Josh,Whitcombe,52,0
853,Alia,Toe,37,0
854,Chalmers,Jenckes,40,1
855,Sheffield,Else,19,0
856,Beatrisa,Embling,32,3
857,Luella,Lyal,40,2
858,Britt,Cattell,55,3
859,Ruthe,Leas,65,3
860,Coralyn,Bradforth,33,1
861,Faustina,Barczynski,37,3
862,Charla,Almack,46,0
863,Darline,Leah,23,1
864,Joannes,Dunton,34,2
865,Wilbert,Petyakov,42,3
866,Baillie,Twoohy,35,3
867,Eduardo,Weighell,64,1
868,Gordan,Verlander,20,1
869,Ailee,Blacker,38,1
870,Flora,Christofe,50,2
871,Ashby,Healings,51,3
872,Adina,Hullin,62,3
873,Rheba,Wolfendale,43,0
874,Emmeline,Hussell,25,2
875,Jess,Wilcock,59,0
876,Bernette,Klimecki,61,2
877,Cathy,Deyes,64,1
878,Francisco,Fipp,26,0
879,Keefer,Darrigone,21,0
880,Grover,Cancellario,51,1
881,Sarita,Ackroyd,65,3
882,Beulah,Weighell,37,0
883,Davy,Cambell,31,2
884,Olenka,Ribbens,36,0
885,Loella,Izak,63,0
886,Karil,Chattaway,49,0
887,Lorinda,Torns,65,0
888,Anya,Alberti,53,3
889,Denny,Belverstone,31,2
890,Dorri,Dumbreck,30,0
891,Maurits,Silveston,23,2
892,Jeff,Coil,59,3
893,Evangelin,Ivakin,59,2
894,Ervin,Witherdon,36,0
895,Rebekah,Dumphries,35,1
896,Jennee,McLucky,57,1
897,Maximilianus,Crackett,45,3
898,Reagen,McManamen,46,2
899,Almire,Sellwood,33,1
900,Trude,Caunter,29,3
901,Ellwood,Sacker,50,0
902,Lindy,Cookley,25,1
903,Jimmy,MacSween,29,3
904,Rosie,Fike,30,0
905,Jenica,Kiley,32,3
906,Barret,Arnaez,45,2
907,Corilla,Coomes,61,3
908,Alanson,Linnell,36,1
909,Muffin,Wiskar,29,1
910,Silvain,Benne,48,1
911,Gabriello,McAnellye,57,2
912,Kristofor,Huelin,62,1
913,Peg,Brittoner,19,1
914,Kalli,Lewtey,30,2
915,Boycie,MacBain,21,0
916,Deb,Housbie,24,2
917,Dame,Antonomoli,35,0
918,Duncan,A'Barrow,56,2
919,Duncan,Mulleary,34,3
920,Spence,Devo,58,1
921,Loralyn,Slowgrave,60,2
922,Hilario,Ramsier,47,0
923,Dmitri,Lissett,29,2
924,Leigh,Rabier,39,2
925,Susette,Jantot,54,3
926,Daniele,Alders,52,2
927,Lana,Maskrey,57,3
928,Nisse,Kohnen,36,3
929,Felita,Gerasch,24,2
930,Sherie,Mallam,18,2
931,Imogene,Oultram,63,2
932,Lorenzo,Cutforth,30,0
933,Iormina,Carrel,60,1
934,Lucias,Stiegers,31,0
935,Lewiss,Snoding,38,3
936,Kurtis,Vida,33,2
937,Brendon,Greene,31,0
938,Jan,Lowton,20,3
939,Dawn,Maguire,26,2
940,Alicia,Cowlard,60,3
941,Kaine,Marler,27,0
942,Oran,Rawson,43,3
943,Luelle,Landre,35,2
944,Thorsten,Pargeter,35,0
945,Wilfred,Rosenkrantz,39,3
946,Kameko,McKerton,39,0
947,Dollie,Orniz,45,2
948,Daffi,Crackel,25,3
949,Manya,Diloway,35,3
950,Bee,Meron,63,3
951,Evy,Vear,45,0
952,Joye,Meconi,48,1
953,Joseito,Ingerson,36,1
954,Selina,Sandbatch,39,2
955,Gerardo,Sandilands,32,2
956,Kattie,Brame,19,1
957,Ruby,Ridolfi,45,1
958,Adel,Kohter,19,2
959,Coleman,Hatto,20,2
960,Jozef,Jelphs,65,1
961,Shea,Paterson,30,0
962,Alix,Mumbey,38,0
963,Arabelle,MacWhan,54,0
964,Wilfred,Dearnaly,35,2
965,Janel,Woodruffe,59,3
966,Lanna,Cawthra,55,1
967,Karoly,Ziemecki,36,1
968,Candie,Meneo,31,2
969,Georgie,Serrurier,21,2
970,Trent,Bainbridge,41,0
971,Laural,Purser,20,2
972,Hartwell,Hennemann,22,2
973,Elyssa,Unstead,28,2
974,Nickie,Attril,52,1
975,Martie,Balke,45,1
976,Clayton,Halpine,42,0
977,Egbert,Danielkiewicz,46,2
978,Joyann,McTurley,30,3
979,Inna,Potter,18,1
980,Ferd,Cosley,48,2
981,Alexis,McAuslene,51,2
982,Galen,Knottley,62,2
983,Rorke,Heinig,37,3
984,Lemar,Johanssen,55,2
985,Dulcy,Jedrzejkiewicz,49,0
986,Annice,Whatsize,65,1
987,Lorettalorna,Pyer,24,1
988,Sadie,Cutchie,33,1
989,Tonye,Eagers,45,3
990,Hodge,Normanville,55,2
991,Bondie,Rowet,27,3
992,Harry,Lamblot,47,1
993,Haywood,Goodsall,60,0
994,Gladys,Sirmon,56,3
995,Joye,Chartres,20,1
996,Burtie,Sivil,54,0
997,Salomone,Pauluzzi,18,0
998,Dory,Pettingall,60,3
999,Giacomo,Gheorghie,41,3
1000,Tootsie,Kenrack,61,1
